url,path,statusCode,title,h1,canonicalUrl,breadcrumbText,collectionSignals
https://coldcactus.ca/collections/7fmk-denim,/collections/7fmk-denim,200,7FMK Denim &ndash; Cold Cactus Inc.,7FMK Denim,https://coldcactus.ca/collections/7fmk-denim,"{ ""@context"": ""http://schema.org"", ""@type"": ""Organization"", ""name"": ""Cold Cactus Inc."", ""logo"": ""https:\/\/coldcactus.ca\/cdn\/shop\/files\/cclogoupdated_400x.webp?v=1716305005"", ""sameAs"": [ """", ""https:\/\/www.facebook.com\/coldcactusboutique\/"", ""https:\/\/www.pinterest.ca\/coldcactus\/"", ""https:\/\/www.instagram.com\/coldcactusboutique\/"", """", """", """", """" ], ""url"": ""https:\/\/coldcactus.ca"" }",collection-like path; collection-like page text
https://coldcactus.ca/collections/accessories,/collections/accessories,200,Accessories &ndash; Cold Cactus Inc.,Accessories,https://coldcactus.ca/collections/accessories,"{ ""@context"": ""http://schema.org"", ""@type"": ""Organization"", ""name"": ""Cold Cactus Inc."", ""logo"": ""https:\/\/coldcactus.ca\/cdn\/shop\/files\/cclogoupdated_400x.webp?v=1716305005"", ""sameAs"": [ """", ""https:\/\/www.facebook.com\/coldcactusboutique\/"", ""https:\/\/www.pinterest.ca\/coldcactus\/"", ""https:\/\/www.instagram.com\/coldcactusboutique\/"", """", """", """", """" ], ""url"": ""https:\/\/coldcactus.ca"" }",collection-like path; collection-like page text
https://coldcactus.ca/collections/all-kids-tops,/collections/all-kids-tops,200,All Kids Tops &ndash; Cold Cactus Inc.,All Kids Tops,https://coldcactus.ca/collections/all-kids-tops,"{ ""@context"": ""http://schema.org"", ""@type"": ""Organization"", ""name"": ""Cold Cactus Inc."", ""logo"": ""https:\/\/coldcactus.ca\/cdn\/shop\/files\/cclogoupdated_400x.webp?v=1716305005"", ""sameAs"": [ """", ""https:\/\/www.facebook.com\/coldcactusboutique\/"", ""https:\/\/www.pinterest.ca\/coldcactus\/"", ""https:\/\/www.instagram.com\/coldcactusboutique\/"", """", """", """", """" ], ""url"": ""https:\/\/coldcactus.ca"" }",collection-like path; collection-like page text
https://coldcactus.ca/collections/antler-home-decor,/collections/antler-home-decor,200,Antler Home Decor &ndash; Cold Cactus Inc.,Antler Home Decor,https://coldcactus.ca/collections/antler-home-decor,"{ ""@context"": ""http://schema.org"", ""@type"": ""Organization"", ""name"": ""Cold Cactus Inc."", ""logo"": ""https:\/\/coldcactus.ca\/cdn\/shop\/files\/cclogoupdated_400x.webp?v=1716305005"", ""sameAs"": [ """", ""https:\/\/www.facebook.com\/coldcactusboutique\/"", ""https:\/\/www.pinterest.ca\/coldcactus\/"", ""https:\/\/www.instagram.com\/coldcactusboutique\/"", """", """", """", """" ], ""url"": ""https:\/\/coldcactus.ca"" }",collection-like path; collection-like page text
https://coldcactus.ca/collections/ariat,/collections/ariat,200,Ariat &ndash; Cold Cactus Inc.,Ariat,https://coldcactus.ca/collections/ariat,"{ ""@context"": ""http://schema.org"", ""@type"": ""Organization"", ""name"": ""Cold Cactus Inc."", ""logo"": ""https:\/\/coldcactus.ca\/cdn\/shop\/files\/cclogoupdated_400x.webp?v=1716305005"", ""sameAs"": [ """", ""https:\/\/www.facebook.com\/coldcactusboutique\/"", ""https:\/\/www.pinterest.ca\/coldcactus\/"", ""https:\/\/www.instagram.com\/coldcactusboutique\/"", """", """", """", """" ], ""url"": ""https:\/\/coldcactus.ca"" }",collection-like path; collection-like page text
https://coldcactus.ca/collections/ariat-denim,/collections/ariat-denim,200,Ariat Denim &ndash; Cold Cactus Inc.,Ariat Denim,https://coldcactus.ca/collections/ariat-denim,"{ ""@context"": ""http://schema.org"", ""@type"": ""Organization"", ""name"": ""Cold Cactus Inc."", ""logo"": ""https:\/\/coldcactus.ca\/cdn\/shop\/files\/cclogoupdated_400x.webp?v=1716305005"", ""sameAs"": [ """", ""https:\/\/www.facebook.com\/coldcactusboutique\/"", ""https:\/\/www.pinterest.ca\/coldcactus\/"", ""https:\/\/www.instagram.com\/coldcactusboutique\/"", """", """", """", """" ], ""url"": ""https:\/\/coldcactus.ca"" }",collection-like path; collection-like page text
https://coldcactus.ca/collections/belts-buckles-and-more,/collections/belts-buckles-and-more,200,Belts &ndash; Cold Cactus Inc.,Belts,https://coldcactus.ca/collections/belts-buckles-and-more,"{ ""@context"": ""http://schema.org"", ""@type"": ""Organization"", ""name"": ""Cold Cactus Inc."", ""logo"": ""https:\/\/coldcactus.ca\/cdn\/shop\/files\/cclogoupdated_400x.webp?v=1716305005"", ""sameAs"": [ """", ""https:\/\/www.facebook.com\/coldcactusboutique\/"", ""https:\/\/www.pinterest.ca\/coldcactus\/"", ""https:\/\/www.instagram.com\/coldcactusboutique\/"", """", """", """", """" ], ""url"": ""https:\/\/coldcactus.ca"" }",collection-like path; collection-like page text
https://coldcactus.ca/collections/bootcuts-straight-legs,/collections/bootcuts-straight-legs,200,Bootcuts &ndash; Cold Cactus Inc.,Bootcuts,https://coldcactus.ca/collections/bootcuts-straight-legs,"{ ""@context"": ""http://schema.org"", ""@type"": ""Organization"", ""name"": ""Cold Cactus Inc."", ""logo"": ""https:\/\/coldcactus.ca\/cdn\/shop\/files\/cclogoupdated_400x.webp?v=1716305005"", ""sameAs"": [ """", ""https:\/\/www.facebook.com\/coldcactusboutique\/"", ""https:\/\/www.pinterest.ca\/coldcactus\/"", ""https:\/\/www.instagram.com\/coldcactusboutique\/"", """", """", """", """" ], ""url"": ""https:\/\/coldcactus.ca"" }",collection-like path; collection-like page text
https://coldcactus.ca/collections/boys-tops-outerwear,/collections/boys-tops-outerwear,200,Boy's Tops & Outerwear &ndash; Cold Cactus Inc.,Boy's Tops & Outerwear,https://coldcactus.ca/collections/boys-tops-outerwear,"{ ""@context"": ""http://schema.org"", ""@type"": ""Organization"", ""name"": ""Cold Cactus Inc."", ""logo"": ""https:\/\/coldcactus.ca\/cdn\/shop\/files\/cclogoupdated_400x.webp?v=1716305005"", ""sameAs"": [ """", ""https:\/\/www.facebook.com\/coldcactusboutique\/"", ""https:\/\/www.pinterest.ca\/coldcactus\/"", ""https:\/\/www.instagram.com\/coldcactusboutique\/"", """", """", """", """" ], ""url"": ""https:\/\/coldcactus.ca"" }",collection-like path; collection-like page text
https://coldcactus.ca/collections/boys-tops-outerwear-copy,/collections/boys-tops-outerwear-copy,200,Girl's Tops & Outerwear &ndash; Cold Cactus Inc.,Girl's Tops & Outerwear,https://coldcactus.ca/collections/boys-tops-outerwear-copy,"{ ""@context"": ""http://schema.org"", ""@type"": ""Organization"", ""name"": ""Cold Cactus Inc."", ""logo"": ""https:\/\/coldcactus.ca\/cdn\/shop\/files\/cclogoupdated_400x.webp?v=1716305005"", ""sameAs"": [ """", ""https:\/\/www.facebook.com\/coldcactusboutique\/"", ""https:\/\/www.pinterest.ca\/coldcactus\/"", ""https:\/\/www.instagram.com\/coldcactusboutique\/"", """", """", """", """" ], ""url"": ""https:\/\/coldcactus.ca"" }",collection-like path; collection-like page text
https://coldcactus.ca/collections/bracelets,/collections/bracelets,200,Bracelets & Watch Bands &ndash; Cold Cactus Inc.,Bracelets & Watch Bands,https://coldcactus.ca/collections/bracelets,"{ ""@context"": ""http://schema.org"", ""@type"": ""Organization"", ""name"": ""Cold Cactus Inc."", ""logo"": ""https:\/\/coldcactus.ca\/cdn\/shop\/files\/cclogoupdated_400x.webp?v=1716305005"", ""sameAs"": [ """", ""https:\/\/www.facebook.com\/coldcactusboutique\/"", ""https:\/\/www.pinterest.ca\/coldcactus\/"", ""https:\/\/www.instagram.com\/coldcactusboutique\/"", """", """", """", """" ], ""url"": ""https:\/\/coldcactus.ca"" }",collection-like path; collection-like page text
https://coldcactus.ca/collections/christmas-gift-ideas,/collections/christmas-gift-ideas,200,Christmas Gift Ideas &ndash; Cold Cactus Inc.,Christmas Gift Ideas,https://coldcactus.ca/collections/christmas-gift-ideas,"{ ""@context"": ""http://schema.org"", ""@type"": ""Organization"", ""name"": ""Cold Cactus Inc."", ""logo"": ""https:\/\/coldcactus.ca\/cdn\/shop\/files\/cclogoupdated_400x.webp?v=1716305005"", ""sameAs"": [ """", ""https:\/\/www.facebook.com\/coldcactusboutique\/"", ""https:\/\/www.pinterest.ca\/coldcactus\/"", ""https:\/\/www.instagram.com\/coldcactusboutique\/"", """", """", """", """" ], ""url"": ""https:\/\/coldcactus.ca"" }",collection-like path; collection-like page text
https://coldcactus.ca/collections/cinch,/collections/cinch,200,CINCH &ndash; Cold Cactus Inc.,CINCH,https://coldcactus.ca/collections/cinch,"{ ""@context"": ""http://schema.org"", ""@type"": ""Organization"", ""name"": ""Cold Cactus Inc."", ""logo"": ""https:\/\/coldcactus.ca\/cdn\/shop\/files\/cclogoupdated_400x.webp?v=1716305005"", ""sameAs"": [ """", ""https:\/\/www.facebook.com\/coldcactusboutique\/"", ""https:\/\/www.pinterest.ca\/coldcactus\/"", ""https:\/\/www.instagram.com\/coldcactusboutique\/"", """", """", """", """" ], ""url"": ""https:\/\/coldcactus.ca"" }",collection-like path; collection-like page text
https://coldcactus.ca/collections/cold-cactus-exclusives,/collections/cold-cactus-exclusives,200,Cold Cactus Exclusives &ndash; Cold Cactus Inc.,Cold Cactus Exclusives,https://coldcactus.ca/collections/cold-cactus-exclusives,"{ ""@context"": ""http://schema.org"", ""@type"": ""Organization"", ""name"": ""Cold Cactus Inc."", ""logo"": ""https:\/\/coldcactus.ca\/cdn\/shop\/files\/cclogoupdated_400x.webp?v=1716305005"", ""sameAs"": [ """", ""https:\/\/www.facebook.com\/coldcactusboutique\/"", ""https:\/\/www.pinterest.ca\/coldcactus\/"", ""https:\/\/www.instagram.com\/coldcactusboutique\/"", """", """", """", """" ], ""url"": ""https:\/\/coldcactus.ca"" }",collection-like path; collection-like page text
https://coldcactus.ca/collections/cowboy-hats,/collections/cowboy-hats,200,Cowboy Hats &ndash; Cold Cactus Inc.,Cowboy Hats,https://coldcactus.ca/collections/cowboy-hats,"{ ""@context"": ""http://schema.org"", ""@type"": ""Organization"", ""name"": ""Cold Cactus Inc."", ""logo"": ""https:\/\/coldcactus.ca\/cdn\/shop\/files\/cclogoupdated_400x.webp?v=1716305005"", ""sameAs"": [ """", ""https:\/\/www.facebook.com\/coldcactusboutique\/"", ""https:\/\/www.pinterest.ca\/coldcactus\/"", ""https:\/\/www.instagram.com\/coldcactusboutique\/"", """", """", """", """" ], ""url"": ""https:\/\/coldcactus.ca"" }",collection-like path; collection-like page text
https://coldcactus.ca/collections/cowhide-christmas,/collections/cowhide-christmas,200,Make it a *Cowboy Christmas* &ndash; Cold Cactus Inc.,Make it a *Cowboy Christmas*,https://coldcactus.ca/collections/cowhide-christmas,"{ ""@context"": ""http://schema.org"", ""@type"": ""Organization"", ""name"": ""Cold Cactus Inc."", ""logo"": ""https:\/\/coldcactus.ca\/cdn\/shop\/files\/cclogoupdated_400x.webp?v=1716305005"", ""sameAs"": [ """", ""https:\/\/www.facebook.com\/coldcactusboutique\/"", ""https:\/\/www.pinterest.ca\/coldcactus\/"", ""https:\/\/www.instagram.com\/coldcactusboutique\/"", """", """", """", """" ], ""url"": ""https:\/\/coldcactus.ca"" }",collection-like path; collection-like page text
https://coldcactus.ca/collections/denim,/collections/denim,200,Denim &ndash; Cold Cactus Inc.,Denim,https://coldcactus.ca/collections/denim,"{ ""@context"": ""http://schema.org"", ""@type"": ""Organization"", ""name"": ""Cold Cactus Inc."", ""logo"": ""https:\/\/coldcactus.ca\/cdn\/shop\/files\/cclogoupdated_400x.webp?v=1716305005"", ""sameAs"": [ """", ""https:\/\/www.facebook.com\/coldcactusboutique\/"", ""https:\/\/www.pinterest.ca\/coldcactus\/"", ""https:\/\/www.instagram.com\/coldcactusboutique\/"", """", """", """", """" ], ""url"": ""https:\/\/coldcactus.ca"" }",collection-like path; collection-like page text
https://coldcactus.ca/collections/denim-mens-apparel,/collections/denim-mens-apparel,200,Men's Denim &ndash; Cold Cactus Inc.,Men's Denim,https://coldcactus.ca/collections/denim-mens-apparel,"{ ""@context"": ""http://schema.org"", ""@type"": ""Organization"", ""name"": ""Cold Cactus Inc."", ""logo"": ""https:\/\/coldcactus.ca\/cdn\/shop\/files\/cclogoupdated_400x.webp?v=1716305005"", ""sameAs"": [ """", ""https:\/\/www.facebook.com\/coldcactusboutique\/"", ""https:\/\/www.pinterest.ca\/coldcactus\/"", ""https:\/\/www.instagram.com\/coldcactusboutique\/"", """", """", """", """" ], ""url"": ""https:\/\/coldcactus.ca"" }",collection-like path; collection-like page text
https://coldcactus.ca/collections/dresses,/collections/dresses,200,Dresses &ndash; Cold Cactus Inc.,Dresses,https://coldcactus.ca/collections/dresses,"{ ""@context"": ""http://schema.org"", ""@type"": ""Organization"", ""name"": ""Cold Cactus Inc."", ""logo"": ""https:\/\/coldcactus.ca\/cdn\/shop\/files\/cclogoupdated_400x.webp?v=1716305005"", ""sameAs"": [ """", ""https:\/\/www.facebook.com\/coldcactusboutique\/"", ""https:\/\/www.pinterest.ca\/coldcactus\/"", ""https:\/\/www.instagram.com\/coldcactusboutique\/"", """", """", """", """" ], ""url"": ""https:\/\/coldcactus.ca"" }",collection-like path; collection-like page text
https://coldcactus.ca/collections/earrings,/collections/earrings,200,Earrings &ndash; Cold Cactus Inc.,Earrings,https://coldcactus.ca/collections/earrings,"{ ""@context"": ""http://schema.org"", ""@type"": ""Organization"", ""name"": ""Cold Cactus Inc."", ""logo"": ""https:\/\/coldcactus.ca\/cdn\/shop\/files\/cclogoupdated_400x.webp?v=1716305005"", ""sameAs"": [ """", ""https:\/\/www.facebook.com\/coldcactusboutique\/"", ""https:\/\/www.pinterest.ca\/coldcactus\/"", ""https:\/\/www.instagram.com\/coldcactusboutique\/"", """", """", """", """" ], ""url"": ""https:\/\/coldcactus.ca"" }",collection-like path; collection-like page text
https://coldcactus.ca/collections/ferrell,/collections/ferrell,200,Ferrell &ndash; Cold Cactus Inc.,Ferrell,https://coldcactus.ca/collections/ferrell,"{ ""@context"": ""http://schema.org"", ""@type"": ""Organization"", ""name"": ""Cold Cactus Inc."", ""logo"": ""https:\/\/coldcactus.ca\/cdn\/shop\/files\/cclogoupdated_400x.webp?v=1716305005"", ""sameAs"": [ """", ""https:\/\/www.facebook.com\/coldcactusboutique\/"", ""https:\/\/www.pinterest.ca\/coldcactus\/"", ""https:\/\/www.instagram.com\/coldcactusboutique\/"", """", """", """", """" ], ""url"": ""https:\/\/coldcactus.ca"" }",collection-like path; collection-like page text
https://coldcactus.ca/collections/gift-ideas-for-the-home-maker,/collections/gift-ideas-for-the-home-maker,200,Gift Ideas for the Home Maker &ndash; Cold Cactus Inc.,Gift Ideas for the Home Maker,https://coldcactus.ca/collections/gift-ideas-for-the-home-maker,"{ ""@context"": ""http://schema.org"", ""@type"": ""Organization"", ""name"": ""Cold Cactus Inc."", ""logo"": ""https:\/\/coldcactus.ca\/cdn\/shop\/files\/cclogoupdated_400x.webp?v=1716305005"", ""sameAs"": [ """", ""https:\/\/www.facebook.com\/coldcactusboutique\/"", ""https:\/\/www.pinterest.ca\/coldcactus\/"", ""https:\/\/www.instagram.com\/coldcactusboutique\/"", """", """", """", """" ], ""url"": ""https:\/\/coldcactus.ca"" }",collection-like path; collection-like page text
https://coldcactus.ca/collections/gifts-ideas-for-men,/collections/gifts-ideas-for-men,200,Gifts Ideas for Men &ndash; Cold Cactus Inc.,Gifts Ideas for Men,https://coldcactus.ca/collections/gifts-ideas-for-men,"{ ""@context"": ""http://schema.org"", ""@type"": ""Organization"", ""name"": ""Cold Cactus Inc."", ""logo"": ""https:\/\/coldcactus.ca\/cdn\/shop\/files\/cclogoupdated_400x.webp?v=1716305005"", ""sameAs"": [ """", ""https:\/\/www.facebook.com\/coldcactusboutique\/"", ""https:\/\/www.pinterest.ca\/coldcactus\/"", ""https:\/\/www.instagram.com\/coldcactusboutique\/"", """", """", """", """" ], ""url"": ""https:\/\/coldcactus.ca"" }",collection-like path; collection-like page text
https://coldcactus.ca/collections/girls-denim-copy,/collections/girls-denim-copy,200,Boy's Denim &ndash; Cold Cactus Inc.,Boy's Denim,https://coldcactus.ca/collections/girls-denim-copy,"{ ""@context"": ""http://schema.org"", ""@type"": ""Organization"", ""name"": ""Cold Cactus Inc."", ""logo"": ""https:\/\/coldcactus.ca\/cdn\/shop\/files\/cclogoupdated_400x.webp?v=1716305005"", ""sameAs"": [ """", ""https:\/\/www.facebook.com\/coldcactusboutique\/"", ""https:\/\/www.pinterest.ca\/coldcactus\/"", ""https:\/\/www.instagram.com\/coldcactusboutique\/"", """", """", """", """" ], ""url"": ""https:\/\/coldcactus.ca"" }",collection-like path; collection-like page text
https://coldcactus.ca/collections/girls-tops-outerwear-copy,/collections/girls-tops-outerwear-copy,200,Girl's Denim &ndash; Cold Cactus Inc.,Girl's Denim,https://coldcactus.ca/collections/girls-tops-outerwear-copy,"{ ""@context"": ""http://schema.org"", ""@type"": ""Organization"", ""name"": ""Cold Cactus Inc."", ""logo"": ""https:\/\/coldcactus.ca\/cdn\/shop\/files\/cclogoupdated_400x.webp?v=1716305005"", ""sameAs"": [ """", ""https:\/\/www.facebook.com\/coldcactusboutique\/"", ""https:\/\/www.pinterest.ca\/coldcactus\/"", ""https:\/\/www.instagram.com\/coldcactusboutique\/"", """", """", """", """" ], ""url"": ""https:\/\/coldcactus.ca"" }",collection-like path; collection-like page text
https://coldcactus.ca/collections/graphic-tees,/collections/graphic-tees,200,Graphic Tees &ndash; Cold Cactus Inc.,Graphic Tees,https://coldcactus.ca/collections/graphic-tees,"{ ""@context"": ""http://schema.org"", ""@type"": ""Organization"", ""name"": ""Cold Cactus Inc."", ""logo"": ""https:\/\/coldcactus.ca\/cdn\/shop\/files\/cclogoupdated_400x.webp?v=1716305005"", ""sameAs"": [ """", ""https:\/\/www.facebook.com\/coldcactusboutique\/"", ""https:\/\/www.pinterest.ca\/coldcactus\/"", ""https:\/\/www.instagram.com\/coldcactusboutique\/"", """", """", """", """" ], ""url"": ""https:\/\/coldcactus.ca"" }",collection-like path; collection-like page text
https://coldcactus.ca/collections/haala-denim,/collections/haala-denim,200,Haala Denim &ndash; Cold Cactus Inc.,Haala Denim,https://coldcactus.ca/collections/haala-denim,"{ ""@context"": ""http://schema.org"", ""@type"": ""Organization"", ""name"": ""Cold Cactus Inc."", ""logo"": ""https:\/\/coldcactus.ca\/cdn\/shop\/files\/cclogoupdated_400x.webp?v=1716305005"", ""sameAs"": [ """", ""https:\/\/www.facebook.com\/coldcactusboutique\/"", ""https:\/\/www.pinterest.ca\/coldcactus\/"", ""https:\/\/www.instagram.com\/coldcactusboutique\/"", """", """", """", """" ], ""url"": ""https:\/\/coldcactus.ca"" }",collection-like path; collection-like page text
https://coldcactus.ca/collections/handbags-and-wallets,/collections/handbags-and-wallets,200,"Purses, Backpacks, and Wallets &ndash; Cold Cactus Inc.","Purses, Backpacks, and Wallets",https://coldcactus.ca/collections/handbags-and-wallets,"{ ""@context"": ""http://schema.org"", ""@type"": ""Organization"", ""name"": ""Cold Cactus Inc."", ""logo"": ""https:\/\/coldcactus.ca\/cdn\/shop\/files\/cclogoupdated_400x.webp?v=1716305005"", ""sameAs"": [ """", ""https:\/\/www.facebook.com\/coldcactusboutique\/"", ""https:\/\/www.pinterest.ca\/coldcactus\/"", ""https:\/\/www.instagram.com\/coldcactusboutique\/"", """", """", """", """" ], ""url"": ""https:\/\/coldcactus.ca"" }",collection-like path; collection-like page text
https://coldcactus.ca/collections/hats,/collections/hats,200,Hats &ndash; Cold Cactus Inc.,Hats,https://coldcactus.ca/collections/hats,"{ ""@context"": ""http://schema.org"", ""@type"": ""Organization"", ""name"": ""Cold Cactus Inc."", ""logo"": ""https:\/\/coldcactus.ca\/cdn\/shop\/files\/cclogoupdated_400x.webp?v=1716305005"", ""sameAs"": [ """", ""https:\/\/www.facebook.com\/coldcactusboutique\/"", ""https:\/\/www.pinterest.ca\/coldcactus\/"", ""https:\/\/www.instagram.com\/coldcactusboutique\/"", """", """", """", """" ], ""url"": ""https:\/\/coldcactus.ca"" }",collection-like path; collection-like page text
https://coldcactus.ca/collections/hooey,/collections/hooey,200,Hooey &ndash; Cold Cactus Inc.,Hooey,https://coldcactus.ca/collections/hooey,"{ ""@context"": ""http://schema.org"", ""@type"": ""Organization"", ""name"": ""Cold Cactus Inc."", ""logo"": ""https:\/\/coldcactus.ca\/cdn\/shop\/files\/cclogoupdated_400x.webp?v=1716305005"", ""sameAs"": [ """", ""https:\/\/www.facebook.com\/coldcactusboutique\/"", ""https:\/\/www.pinterest.ca\/coldcactus\/"", ""https:\/\/www.instagram.com\/coldcactusboutique\/"", """", """", """", """" ], ""url"": ""https:\/\/coldcactus.ca"" }",collection-like path; collection-like page text
https://coldcactus.ca/collections/hooey-backpacks,/collections/hooey-backpacks,200,Backpacks &ndash; Cold Cactus Inc.,Backpacks,https://coldcactus.ca/collections/hooey-backpacks,"{ ""@context"": ""http://schema.org"", ""@type"": ""Organization"", ""name"": ""Cold Cactus Inc."", ""logo"": ""https:\/\/coldcactus.ca\/cdn\/shop\/files\/cclogoupdated_400x.webp?v=1716305005"", ""sameAs"": [ """", ""https:\/\/www.facebook.com\/coldcactusboutique\/"", ""https:\/\/www.pinterest.ca\/coldcactus\/"", ""https:\/\/www.instagram.com\/coldcactusboutique\/"", """", """", """", """" ], ""url"": ""https:\/\/coldcactus.ca"" }",collection-like path; collection-like page text
https://coldcactus.ca/collections/jewelry,/collections/jewelry,200,Jewelry &ndash; Cold Cactus Inc.,Jewelry,https://coldcactus.ca/collections/jewelry,"{ ""@context"": ""http://schema.org"", ""@type"": ""Organization"", ""name"": ""Cold Cactus Inc."", ""logo"": ""https:\/\/coldcactus.ca\/cdn\/shop\/files\/cclogoupdated_400x.webp?v=1716305005"", ""sameAs"": [ """", ""https:\/\/www.facebook.com\/coldcactusboutique\/"", ""https:\/\/www.pinterest.ca\/coldcactus\/"", ""https:\/\/www.instagram.com\/coldcactusboutique\/"", """", """", """", """" ], ""url"": ""https:\/\/coldcactus.ca"" }",collection-like path; collection-like page text
https://coldcactus.ca/collections/kids-belts-accessories,/collections/kids-belts-accessories,200,Kid's Belts & Accessories &ndash; Cold Cactus Inc.,Kid's Belts & Accessories,https://coldcactus.ca/collections/kids-belts-accessories,"{ ""@context"": ""http://schema.org"", ""@type"": ""Organization"", ""name"": ""Cold Cactus Inc."", ""logo"": ""https:\/\/coldcactus.ca\/cdn\/shop\/files\/cclogoupdated_400x.webp?v=1716305005"", ""sameAs"": [ """", ""https:\/\/www.facebook.com\/coldcactusboutique\/"", ""https:\/\/www.pinterest.ca\/coldcactus\/"", ""https:\/\/www.instagram.com\/coldcactusboutique\/"", """", """", """", """" ], ""url"": ""https:\/\/coldcactus.ca"" }",collection-like path; collection-like page text
https://coldcactus.ca/collections/kids-denim,/collections/kids-denim,200,Kid's Denim &ndash; Cold Cactus Inc.,Kid's Denim,https://coldcactus.ca/collections/kids-denim,"{ ""@context"": ""http://schema.org"", ""@type"": ""Organization"", ""name"": ""Cold Cactus Inc."", ""logo"": ""https:\/\/coldcactus.ca\/cdn\/shop\/files\/cclogoupdated_400x.webp?v=1716305005"", ""sameAs"": [ """", ""https:\/\/www.facebook.com\/coldcactusboutique\/"", ""https:\/\/www.pinterest.ca\/coldcactus\/"", ""https:\/\/www.instagram.com\/coldcactusboutique\/"", """", """", """", """" ], ""url"": ""https:\/\/coldcactus.ca"" }",collection-like path; collection-like page text
https://coldcactus.ca/collections/kids-footwear,/collections/kids-footwear,200,Kid's Footwear &ndash; Cold Cactus Inc.,Kid's Footwear,https://coldcactus.ca/collections/kids-footwear,"{ ""@context"": ""http://schema.org"", ""@type"": ""Organization"", ""name"": ""Cold Cactus Inc."", ""logo"": ""https:\/\/coldcactus.ca\/cdn\/shop\/files\/cclogoupdated_400x.webp?v=1716305005"", ""sameAs"": [ """", ""https:\/\/www.facebook.com\/coldcactusboutique\/"", ""https:\/\/www.pinterest.ca\/coldcactus\/"", ""https:\/\/www.instagram.com\/coldcactusboutique\/"", """", """", """", """" ], ""url"": ""https:\/\/coldcactus.ca"" }",collection-like path; collection-like page text
https://coldcactus.ca/collections/kimes-ranch,/collections/kimes-ranch,200,Kimes Ranch &ndash; Cold Cactus Inc.,Kimes Ranch,https://coldcactus.ca/collections/kimes-ranch,"{ ""@context"": ""http://schema.org"", ""@type"": ""Organization"", ""name"": ""Cold Cactus Inc."", ""logo"": ""https:\/\/coldcactus.ca\/cdn\/shop\/files\/cclogoupdated_400x.webp?v=1716305005"", ""sameAs"": [ """", ""https:\/\/www.facebook.com\/coldcactusboutique\/"", ""https:\/\/www.pinterest.ca\/coldcactus\/"", ""https:\/\/www.instagram.com\/coldcactusboutique\/"", """", """", """", """" ], ""url"": ""https:\/\/coldcactus.ca"" }",collection-like path; collection-like page text
https://coldcactus.ca/collections/kimes-ranch-denim,/collections/kimes-ranch-denim,200,Kimes Ranch Denim &ndash; Cold Cactus Inc.,Kimes Ranch Denim,https://coldcactus.ca/collections/kimes-ranch-denim,"{ ""@context"": ""http://schema.org"", ""@type"": ""Organization"", ""name"": ""Cold Cactus Inc."", ""logo"": ""https:\/\/coldcactus.ca\/cdn\/shop\/files\/cclogoupdated_400x.webp?v=1716305005"", ""sameAs"": [ """", ""https:\/\/www.facebook.com\/coldcactusboutique\/"", ""https:\/\/www.pinterest.ca\/coldcactus\/"", ""https:\/\/www.instagram.com\/coldcactusboutique\/"", """", """", """", """" ], ""url"": ""https:\/\/coldcactus.ca"" }",collection-like path; collection-like page text
https://coldcactus.ca/collections/men-s-apparel,/collections/men-s-apparel,200,Men’s Apparel &ndash; Cold Cactus Inc.,Men’s Apparel,https://coldcactus.ca/collections/men-s-apparel,"{ ""@context"": ""http://schema.org"", ""@type"": ""Organization"", ""name"": ""Cold Cactus Inc."", ""logo"": ""https:\/\/coldcactus.ca\/cdn\/shop\/files\/cclogoupdated_400x.webp?v=1716305005"", ""sameAs"": [ """", ""https:\/\/www.facebook.com\/coldcactusboutique\/"", ""https:\/\/www.pinterest.ca\/coldcactus\/"", ""https:\/\/www.instagram.com\/coldcactusboutique\/"", """", """", """", """" ], ""url"": ""https:\/\/coldcactus.ca"" }",collection-like path; collection-like page text
https://coldcactus.ca/collections/mens-footwear,/collections/mens-footwear,200,Men's Footwear &ndash; Cold Cactus Inc.,Men's Footwear,https://coldcactus.ca/collections/mens-footwear,"{ ""@context"": ""http://schema.org"", ""@type"": ""Organization"", ""name"": ""Cold Cactus Inc."", ""logo"": ""https:\/\/coldcactus.ca\/cdn\/shop\/files\/cclogoupdated_400x.webp?v=1716305005"", ""sameAs"": [ """", ""https:\/\/www.facebook.com\/coldcactusboutique\/"", ""https:\/\/www.pinterest.ca\/coldcactus\/"", ""https:\/\/www.instagram.com\/coldcactusboutique\/"", """", """", """", """" ], ""url"": ""https:\/\/coldcactus.ca"" }",collection-like path; collection-like page text
https://coldcactus.ca/collections/mens-graphic-tees,/collections/mens-graphic-tees,200,Men's Graphic Tees &ndash; Cold Cactus Inc.,Men's Graphic Tees,https://coldcactus.ca/collections/mens-graphic-tees,"{ ""@context"": ""http://schema.org"", ""@type"": ""Organization"", ""name"": ""Cold Cactus Inc."", ""logo"": ""https:\/\/coldcactus.ca\/cdn\/shop\/files\/cclogoupdated_400x.webp?v=1716305005"", ""sameAs"": [ """", ""https:\/\/www.facebook.com\/coldcactusboutique\/"", ""https:\/\/www.pinterest.ca\/coldcactus\/"", ""https:\/\/www.instagram.com\/coldcactusboutique\/"", """", """", """", """" ], ""url"": ""https:\/\/coldcactus.ca"" }",collection-like path; collection-like page text
https://coldcactus.ca/collections/mens-outerwear,/collections/mens-outerwear,200,Men's Outerwear &ndash; Cold Cactus Inc.,Men's Outerwear,https://coldcactus.ca/collections/mens-outerwear,"{ ""@context"": ""http://schema.org"", ""@type"": ""Organization"", ""name"": ""Cold Cactus Inc."", ""logo"": ""https:\/\/coldcactus.ca\/cdn\/shop\/files\/cclogoupdated_400x.webp?v=1716305005"", ""sameAs"": [ """", ""https:\/\/www.facebook.com\/coldcactusboutique\/"", ""https:\/\/www.pinterest.ca\/coldcactus\/"", ""https:\/\/www.instagram.com\/coldcactusboutique\/"", """", """", """", """" ], ""url"": ""https:\/\/coldcactus.ca"" }",collection-like path; collection-like page text
https://coldcactus.ca/collections/mens-western-button-down-shirts,/collections/mens-western-button-down-shirts,200,Men's Button Ups & Pearl Snaps &ndash; Cold Cactus Inc.,Men's Button Ups & Pearl Snaps,https://coldcactus.ca/collections/mens-western-button-down-shirts,"{ ""@context"": ""http://schema.org"", ""@type"": ""Organization"", ""name"": ""Cold Cactus Inc."", ""logo"": ""https:\/\/coldcactus.ca\/cdn\/shop\/files\/cclogoupdated_400x.webp?v=1716305005"", ""sameAs"": [ """", ""https:\/\/www.facebook.com\/coldcactusboutique\/"", ""https:\/\/www.pinterest.ca\/coldcactus\/"", ""https:\/\/www.instagram.com\/coldcactusboutique\/"", """", """", """", """" ], ""url"": ""https:\/\/coldcactus.ca"" }",collection-like path; collection-like page text
https://coldcactus.ca/collections/mothers-day-gift-guide,/collections/mothers-day-gift-guide,200,Mother's Day Gift Guide &ndash; Cold Cactus Inc.,Mother's Day Gift Guide,https://coldcactus.ca/collections/mothers-day-gift-guide,"{ ""@context"": ""http://schema.org"", ""@type"": ""Organization"", ""name"": ""Cold Cactus Inc."", ""logo"": ""https:\/\/coldcactus.ca\/cdn\/shop\/files\/cclogoupdated_400x.webp?v=1716305005"", ""sameAs"": [ """", ""https:\/\/www.facebook.com\/coldcactusboutique\/"", ""https:\/\/www.pinterest.ca\/coldcactus\/"", ""https:\/\/www.instagram.com\/coldcactusboutique\/"", """", """", """", """" ], ""url"": ""https:\/\/coldcactus.ca"" }",collection-like path; collection-like page text
https://coldcactus.ca/collections/necklaces,/collections/necklaces,200,Necklaces &ndash; Cold Cactus Inc.,Necklaces,https://coldcactus.ca/collections/necklaces,"{ ""@context"": ""http://schema.org"", ""@type"": ""Organization"", ""name"": ""Cold Cactus Inc."", ""logo"": ""https:\/\/coldcactus.ca\/cdn\/shop\/files\/cclogoupdated_400x.webp?v=1716305005"", ""sameAs"": [ """", ""https:\/\/www.facebook.com\/coldcactusboutique\/"", ""https:\/\/www.pinterest.ca\/coldcactus\/"", ""https:\/\/www.instagram.com\/coldcactusboutique\/"", """", """", """", """" ], ""url"": ""https:\/\/coldcactus.ca"" }",collection-like path; collection-like page text
https://coldcactus.ca/collections/new-arrivals,/collections/new-arrivals,200,New Arrivals & Restocks &ndash; Cold Cactus Inc.,New Arrivals & Restocks,https://coldcactus.ca/collections/new-arrivals,"{ ""@context"": ""http://schema.org"", ""@type"": ""Organization"", ""name"": ""Cold Cactus Inc."", ""logo"": ""https:\/\/coldcactus.ca\/cdn\/shop\/files\/cclogoupdated_400x.webp?v=1716305005"", ""sameAs"": [ """", ""https:\/\/www.facebook.com\/coldcactusboutique\/"", ""https:\/\/www.pinterest.ca\/coldcactus\/"", ""https:\/\/www.instagram.com\/coldcactusboutique\/"", """", """", """", """" ], ""url"": ""https:\/\/coldcactus.ca"" }",collection-like path; collection-like page text
https://coldcactus.ca/collections/no-discounts,/collections/no-discounts,200,No Discounts &ndash; Cold Cactus Inc.,No Discounts,https://coldcactus.ca/collections/no-discounts,"{ ""@context"": ""http://schema.org"", ""@type"": ""Organization"", ""name"": ""Cold Cactus Inc."", ""logo"": ""https:\/\/coldcactus.ca\/cdn\/shop\/files\/cclogoupdated_400x.webp?v=1716305005"", ""sameAs"": [ """", ""https:\/\/www.facebook.com\/coldcactusboutique\/"", ""https:\/\/www.pinterest.ca\/coldcactus\/"", ""https:\/\/www.instagram.com\/coldcactusboutique\/"", """", """", """", """" ], ""url"": ""https:\/\/coldcactus.ca"" }",collection-like path; collection-like page text
https://coldcactus.ca/collections/other,/collections/other,200,Other &ndash; Cold Cactus Inc.,Other,https://coldcactus.ca/collections/other,"{ ""@context"": ""http://schema.org"", ""@type"": ""Organization"", ""name"": ""Cold Cactus Inc."", ""logo"": ""https:\/\/coldcactus.ca\/cdn\/shop\/files\/cclogoupdated_400x.webp?v=1716305005"", ""sameAs"": [ """", ""https:\/\/www.facebook.com\/coldcactusboutique\/"", ""https:\/\/www.pinterest.ca\/coldcactus\/"", ""https:\/\/www.instagram.com\/coldcactusboutique\/"", """", """", """", """" ], ""url"": ""https:\/\/coldcactus.ca"" }",collection-like path; collection-like page text
https://coldcactus.ca/collections/other-mens-apparel,/collections/other-mens-apparel,200,Other &ndash; Cold Cactus Inc.,Collection: Other,https://coldcactus.ca/collections/other-mens-apparel,"{ ""@context"": ""http://schema.org"", ""@type"": ""Organization"", ""name"": ""Cold Cactus Inc."", ""logo"": ""https:\/\/coldcactus.ca\/cdn\/shop\/files\/cclogoupdated_400x.webp?v=1716305005"", ""sameAs"": [ """", ""https:\/\/www.facebook.com\/coldcactusboutique\/"", ""https:\/\/www.pinterest.ca\/coldcactus\/"", ""https:\/\/www.instagram.com\/coldcactusboutique\/"", """", """", """", """" ], ""url"": ""https:\/\/coldcactus.ca"" }",collection-like path; collection-like page text
https://coldcactus.ca/collections/outerwear,/collections/outerwear,200,Outerwear &ndash; Cold Cactus Inc.,Outerwear,https://coldcactus.ca/collections/outerwear,"{ ""@context"": ""http://schema.org"", ""@type"": ""Organization"", ""name"": ""Cold Cactus Inc."", ""logo"": ""https:\/\/coldcactus.ca\/cdn\/shop\/files\/cclogoupdated_400x.webp?v=1716305005"", ""sameAs"": [ """", ""https:\/\/www.facebook.com\/coldcactusboutique\/"", ""https:\/\/www.pinterest.ca\/coldcactus\/"", ""https:\/\/www.instagram.com\/coldcactusboutique\/"", """", """", """", """" ], ""url"": ""https:\/\/coldcactus.ca"" }",collection-like path; collection-like page text
https://coldcactus.ca/collections/perfumes-colognes,/collections/perfumes-colognes,200,"Perfumes, Colognes, & Tallow &ndash; Cold Cactus Inc.","Perfumes, Colognes, & Tallow",https://coldcactus.ca/collections/perfumes-colognes,"{ ""@context"": ""http://schema.org"", ""@type"": ""Organization"", ""name"": ""Cold Cactus Inc."", ""logo"": ""https:\/\/coldcactus.ca\/cdn\/shop\/files\/cclogoupdated_400x.webp?v=1716305005"", ""sameAs"": [ """", ""https:\/\/www.facebook.com\/coldcactusboutique\/"", ""https:\/\/www.pinterest.ca\/coldcactus\/"", ""https:\/\/www.instagram.com\/coldcactusboutique\/"", """", """", """", """" ], ""url"": ""https:\/\/coldcactus.ca"" }",collection-like path; collection-like page text
https://coldcactus.ca/collections/ranch-hands-kids,/collections/ranch-hands-kids,200,Ranch Hands (Kids) &ndash; Cold Cactus Inc.,Ranch Hands (Kids),https://coldcactus.ca/collections/ranch-hands-kids,"{ ""@context"": ""http://schema.org"", ""@type"": ""Organization"", ""name"": ""Cold Cactus Inc."", ""logo"": ""https:\/\/coldcactus.ca\/cdn\/shop\/files\/cclogoupdated_400x.webp?v=1716305005"", ""sameAs"": [ """", ""https:\/\/www.facebook.com\/coldcactusboutique\/"", ""https:\/\/www.pinterest.ca\/coldcactus\/"", ""https:\/\/www.instagram.com\/coldcactusboutique\/"", """", """", """", """" ], ""url"": ""https:\/\/coldcactus.ca"" }",collection-like path; collection-like page text
https://coldcactus.ca/collections/rings,/collections/rings,200,Rings &ndash; Cold Cactus Inc.,Rings,https://coldcactus.ca/collections/rings,"{ ""@context"": ""http://schema.org"", ""@type"": ""Organization"", ""name"": ""Cold Cactus Inc."", ""logo"": ""https:\/\/coldcactus.ca\/cdn\/shop\/files\/cclogoupdated_400x.webp?v=1716305005"", ""sameAs"": [ """", ""https:\/\/www.facebook.com\/coldcactusboutique\/"", ""https:\/\/www.pinterest.ca\/coldcactus\/"", ""https:\/\/www.instagram.com\/coldcactusboutique\/"", """", """", """", """" ], ""url"": ""https:\/\/coldcactus.ca"" }",collection-like path; collection-like page text
https://coldcactus.ca/collections/rock-and-roll-denim,/collections/rock-and-roll-denim,200,Rock and Roll Denim &ndash; Cold Cactus Inc.,Rock and Roll Denim,https://coldcactus.ca/collections/rock-and-roll-denim,"{ ""@context"": ""http://schema.org"", ""@type"": ""Organization"", ""name"": ""Cold Cactus Inc."", ""logo"": ""https:\/\/coldcactus.ca\/cdn\/shop\/files\/cclogoupdated_400x.webp?v=1716305005"", ""sameAs"": [ """", ""https:\/\/www.facebook.com\/coldcactusboutique\/"", ""https:\/\/www.pinterest.ca\/coldcactus\/"", ""https:\/\/www.instagram.com\/coldcactusboutique\/"", """", """", """", """" ], ""url"": ""https:\/\/coldcactus.ca"" }",collection-like path; collection-like page text
https://coldcactus.ca/collections/sale,/collections/sale,200,Sale &ndash; Cold Cactus Inc.,Sale,https://coldcactus.ca/collections/sale,"{ ""@context"": ""http://schema.org"", ""@type"": ""Organization"", ""name"": ""Cold Cactus Inc."", ""logo"": ""https:\/\/coldcactus.ca\/cdn\/shop\/files\/cclogoupdated_400x.webp?v=1716305005"", ""sameAs"": [ """", ""https:\/\/www.facebook.com\/coldcactusboutique\/"", ""https:\/\/www.pinterest.ca\/coldcactus\/"", ""https:\/\/www.instagram.com\/coldcactusboutique\/"", """", """", """", """" ], ""url"": ""https:\/\/coldcactus.ca"" }",collection-like path; collection-like page text
https://coldcactus.ca/collections/sale-home-decor,/collections/sale-home-decor,200,Sale - Home Decor &ndash; Cold Cactus Inc.,Sale - Home Decor,https://coldcactus.ca/collections/sale-home-decor,"{ ""@context"": ""http://schema.org"", ""@type"": ""Organization"", ""name"": ""Cold Cactus Inc."", ""logo"": ""https:\/\/coldcactus.ca\/cdn\/shop\/files\/cclogoupdated_400x.webp?v=1716305005"", ""sameAs"": [ """", ""https:\/\/www.facebook.com\/coldcactusboutique\/"", ""https:\/\/www.pinterest.ca\/coldcactus\/"", ""https:\/\/www.instagram.com\/coldcactusboutique\/"", """", """", """", """" ], ""url"": ""https:\/\/coldcactus.ca"" }",collection-like path; collection-like page text
https://coldcactus.ca/collections/sale-kids,/collections/sale-kids,200,SALE Kids &ndash; Cold Cactus Inc.,SALE Kids,https://coldcactus.ca/collections/sale-kids,"{ ""@context"": ""http://schema.org"", ""@type"": ""Organization"", ""name"": ""Cold Cactus Inc."", ""logo"": ""https:\/\/coldcactus.ca\/cdn\/shop\/files\/cclogoupdated_400x.webp?v=1716305005"", ""sameAs"": [ """", ""https:\/\/www.facebook.com\/coldcactusboutique\/"", ""https:\/\/www.pinterest.ca\/coldcactus\/"", ""https:\/\/www.instagram.com\/coldcactusboutique\/"", """", """", """", """" ], ""url"": ""https:\/\/coldcactus.ca"" }",collection-like path; collection-like page text
https://coldcactus.ca/collections/shirts-and-outerwear,/collections/shirts-and-outerwear,200,Men's Shirts &ndash; Cold Cactus Inc.,Men's Shirts,https://coldcactus.ca/collections/shirts-and-outerwear,"{ ""@context"": ""http://schema.org"", ""@type"": ""Organization"", ""name"": ""Cold Cactus Inc."", ""logo"": ""https:\/\/coldcactus.ca\/cdn\/shop\/files\/cclogoupdated_400x.webp?v=1716305005"", ""sameAs"": [ """", ""https:\/\/www.facebook.com\/coldcactusboutique\/"", ""https:\/\/www.pinterest.ca\/coldcactus\/"", ""https:\/\/www.instagram.com\/coldcactusboutique\/"", """", """", """", """" ], ""url"": ""https:\/\/coldcactus.ca"" }",collection-like path; collection-like page text
https://coldcactus.ca/collections/shorts,/collections/shorts,200,Shorts & Jumpsuits &ndash; Cold Cactus Inc.,Shorts & Jumpsuits,https://coldcactus.ca/collections/shorts,"{ ""@context"": ""http://schema.org"", ""@type"": ""Organization"", ""name"": ""Cold Cactus Inc."", ""logo"": ""https:\/\/coldcactus.ca\/cdn\/shop\/files\/cclogoupdated_400x.webp?v=1716305005"", ""sameAs"": [ """", ""https:\/\/www.facebook.com\/coldcactusboutique\/"", ""https:\/\/www.pinterest.ca\/coldcactus\/"", ""https:\/\/www.instagram.com\/coldcactusboutique\/"", """", """", """", """" ], ""url"": ""https:\/\/coldcactus.ca"" }",collection-like path; collection-like page text
https://coldcactus.ca/collections/stetson,/collections/stetson,200,Stetson &ndash; Cold Cactus Inc.,Stetson,https://coldcactus.ca/collections/stetson,"{ ""@context"": ""http://schema.org"", ""@type"": ""Organization"", ""name"": ""Cold Cactus Inc."", ""logo"": ""https:\/\/coldcactus.ca\/cdn\/shop\/files\/cclogoupdated_400x.webp?v=1716305005"", ""sameAs"": [ """", ""https:\/\/www.facebook.com\/coldcactusboutique\/"", ""https:\/\/www.pinterest.ca\/coldcactus\/"", ""https:\/\/www.instagram.com\/coldcactusboutique\/"", """", """", """", """" ], ""url"": ""https:\/\/coldcactus.ca"" }",collection-like path; collection-like page text
https://coldcactus.ca/collections/stiefeld-cowhide-boots,/collections/stiefeld-cowhide-boots,200,Stiefeld Footwear &ndash; Cold Cactus Inc.,Stiefeld Footwear,https://coldcactus.ca/collections/stiefeld-cowhide-boots,"{ ""@context"": ""http://schema.org"", ""@type"": ""Organization"", ""name"": ""Cold Cactus Inc."", ""logo"": ""https:\/\/coldcactus.ca\/cdn\/shop\/files\/cclogoupdated_400x.webp?v=1716305005"", ""sameAs"": [ """", ""https:\/\/www.facebook.com\/coldcactusboutique\/"", ""https:\/\/www.pinterest.ca\/coldcactus\/"", ""https:\/\/www.instagram.com\/coldcactusboutique\/"", """", """", """", """" ], ""url"": ""https:\/\/coldcactus.ca"" }",collection-like path; collection-like page text
https://coldcactus.ca/collections/stocking-stuffers-and-gifts-under-50,/collections/stocking-stuffers-and-gifts-under-50,200,Gifts & Stocking Stuffers &ndash; Cold Cactus Inc.,Gifts & Stocking Stuffers,https://coldcactus.ca/collections/stocking-stuffers-and-gifts-under-50,"{ ""@context"": ""http://schema.org"", ""@type"": ""Organization"", ""name"": ""Cold Cactus Inc."", ""logo"": ""https:\/\/coldcactus.ca\/cdn\/shop\/files\/cclogoupdated_400x.webp?v=1716305005"", ""sameAs"": [ """", ""https:\/\/www.facebook.com\/coldcactusboutique\/"", ""https:\/\/www.pinterest.ca\/coldcactus\/"", ""https:\/\/www.instagram.com\/coldcactusboutique\/"", """", """", """", """" ], ""url"": ""https:\/\/coldcactus.ca"" }",collection-like path; collection-like page text
https://coldcactus.ca/collections/straight-legs,/collections/straight-legs,200,Straight Legs &ndash; Cold Cactus Inc.,Straight Legs,https://coldcactus.ca/collections/straight-legs,"{ ""@context"": ""http://schema.org"", ""@type"": ""Organization"", ""name"": ""Cold Cactus Inc."", ""logo"": ""https:\/\/coldcactus.ca\/cdn\/shop\/files\/cclogoupdated_400x.webp?v=1716305005"", ""sameAs"": [ """", ""https:\/\/www.facebook.com\/coldcactusboutique\/"", ""https:\/\/www.pinterest.ca\/coldcactus\/"", ""https:\/\/www.instagram.com\/coldcactusboutique\/"", """", """", """", """" ], ""url"": ""https:\/\/coldcactus.ca"" }",collection-like path; collection-like page text
https://coldcactus.ca/collections/sts-ranch-apparel-and-accessories,/collections/sts-ranch-apparel-and-accessories,200,STS Ranch Apparel and Accessories &ndash; Cold Cactus Inc.,STS Ranch Apparel and Accessories,https://coldcactus.ca/collections/sts-ranch-apparel-and-accessories,"{ ""@context"": ""http://schema.org"", ""@type"": ""Organization"", ""name"": ""Cold Cactus Inc."", ""logo"": ""https:\/\/coldcactus.ca\/cdn\/shop\/files\/cclogoupdated_400x.webp?v=1716305005"", ""sameAs"": [ """", ""https:\/\/www.facebook.com\/coldcactusboutique\/"", ""https:\/\/www.pinterest.ca\/coldcactus\/"", ""https:\/\/www.instagram.com\/coldcactusboutique\/"", """", """", """", """" ], ""url"": ""https:\/\/coldcactus.ca"" }",collection-like path; collection-like page text
https://coldcactus.ca/collections/sunglasses,/collections/sunglasses,200,Sunglasses &ndash; Cold Cactus Inc.,Sunglasses,https://coldcactus.ca/collections/sunglasses,"{ ""@context"": ""http://schema.org"", ""@type"": ""Organization"", ""name"": ""Cold Cactus Inc."", ""logo"": ""https:\/\/coldcactus.ca\/cdn\/shop\/files\/cclogoupdated_400x.webp?v=1716305005"", ""sameAs"": [ """", ""https:\/\/www.facebook.com\/coldcactusboutique\/"", ""https:\/\/www.pinterest.ca\/coldcactus\/"", ""https:\/\/www.instagram.com\/coldcactusboutique\/"", """", """", """", """" ], ""url"": ""https:\/\/coldcactus.ca"" }",collection-like path; collection-like page text
https://coldcactus.ca/collections/swimwear-amp-athleisure,/collections/swimwear-amp-athleisure,200,Athleisure & Loungewear &ndash; Cold Cactus Inc.,Athleisure & Loungewear,https://coldcactus.ca/collections/swimwear-amp-athleisure,"{ ""@context"": ""http://schema.org"", ""@type"": ""Organization"", ""name"": ""Cold Cactus Inc."", ""logo"": ""https:\/\/coldcactus.ca\/cdn\/shop\/files\/cclogoupdated_400x.webp?v=1716305005"", ""sameAs"": [ """", ""https:\/\/www.facebook.com\/coldcactusboutique\/"", ""https:\/\/www.pinterest.ca\/coldcactus\/"", ""https:\/\/www.instagram.com\/coldcactusboutique\/"", """", """", """", """" ], ""url"": ""https:\/\/coldcactus.ca"" }",collection-like path; collection-like page text
https://coldcactus.ca/collections/tack-dog-collars,/collections/tack-dog-collars,200,Tack & Dog Collars &ndash; Cold Cactus Inc.,Tack & Dog Collars,https://coldcactus.ca/collections/tack-dog-collars,"{ ""@context"": ""http://schema.org"", ""@type"": ""Organization"", ""name"": ""Cold Cactus Inc."", ""logo"": ""https:\/\/coldcactus.ca\/cdn\/shop\/files\/cclogoupdated_400x.webp?v=1716305005"", ""sameAs"": [ """", ""https:\/\/www.facebook.com\/coldcactusboutique\/"", ""https:\/\/www.pinterest.ca\/coldcactus\/"", ""https:\/\/www.instagram.com\/coldcactusboutique\/"", """", """", """", """" ], ""url"": ""https:\/\/coldcactus.ca"" }",collection-like path; collection-like page text
https://coldcactus.ca/collections/tops,/collections/tops,200,Tops &ndash; Cold Cactus Inc.,Collection: Tops,https://coldcactus.ca/collections/tops,"{ ""@context"": ""http://schema.org"", ""@type"": ""Organization"", ""name"": ""Cold Cactus Inc."", ""logo"": ""https:\/\/coldcactus.ca\/cdn\/shop\/files\/cclogoupdated_400x.webp?v=1716305005"", ""sameAs"": [ """", ""https:\/\/www.facebook.com\/coldcactusboutique\/"", ""https:\/\/www.pinterest.ca\/coldcactus\/"", ""https:\/\/www.instagram.com\/coldcactusboutique\/"", """", """", """", """" ], ""url"": ""https:\/\/coldcactus.ca"" }",collection-like path; collection-like page text
https://coldcactus.ca/collections/trousers-flares,/collections/trousers-flares,200,Trousers & Flares &ndash; Cold Cactus Inc.,Trousers & Flares,https://coldcactus.ca/collections/trousers-flares,"{ ""@context"": ""http://schema.org"", ""@type"": ""Organization"", ""name"": ""Cold Cactus Inc."", ""logo"": ""https:\/\/coldcactus.ca\/cdn\/shop\/files\/cclogoupdated_400x.webp?v=1716305005"", ""sameAs"": [ """", ""https:\/\/www.facebook.com\/coldcactusboutique\/"", ""https:\/\/www.pinterest.ca\/coldcactus\/"", ""https:\/\/www.instagram.com\/coldcactusboutique\/"", """", """", """", """" ], ""url"": ""https:\/\/coldcactus.ca"" }",collection-like path; collection-like page text
https://coldcactus.ca/collections/western-shirts-button-pearl-snap,/collections/western-shirts-button-pearl-snap,200,Women's Button Ups & Pearl Snaps &ndash; Cold Cactus Inc.,Women's Button Ups & Pearl Snaps,https://coldcactus.ca/collections/western-shirts-button-pearl-snap,"{ ""@context"": ""http://schema.org"", ""@type"": ""Organization"", ""name"": ""Cold Cactus Inc."", ""logo"": ""https:\/\/coldcactus.ca\/cdn\/shop\/files\/cclogoupdated_400x.webp?v=1716305005"", ""sameAs"": [ """", ""https:\/\/www.facebook.com\/coldcactusboutique\/"", ""https:\/\/www.pinterest.ca\/coldcactus\/"", ""https:\/\/www.instagram.com\/coldcactusboutique\/"", """", """", """", """" ], ""url"": ""https:\/\/coldcactus.ca"" }",collection-like path; collection-like page text
https://coldcactus.ca/collections/wild-rags,/collections/wild-rags,200,Wild Rags &ndash; Cold Cactus Inc.,Wild Rags,https://coldcactus.ca/collections/wild-rags,"{ ""@context"": ""http://schema.org"", ""@type"": ""Organization"", ""name"": ""Cold Cactus Inc."", ""logo"": ""https:\/\/coldcactus.ca\/cdn\/shop\/files\/cclogoupdated_400x.webp?v=1716305005"", ""sameAs"": [ """", ""https:\/\/www.facebook.com\/coldcactusboutique\/"", ""https:\/\/www.pinterest.ca\/coldcactus\/"", ""https:\/\/www.instagram.com\/coldcactusboutique\/"", """", """", """", """" ], ""url"": ""https:\/\/coldcactus.ca"" }",collection-like path; collection-like page text
https://coldcactus.ca/collections/winter-outerwear,/collections/winter-outerwear,200,Winter Outerwear &ndash; Cold Cactus Inc.,Winter Outerwear,https://coldcactus.ca/collections/winter-outerwear,"{ ""@context"": ""http://schema.org"", ""@type"": ""Organization"", ""name"": ""Cold Cactus Inc."", ""logo"": ""https:\/\/coldcactus.ca\/cdn\/shop\/files\/cclogoupdated_400x.webp?v=1716305005"", ""sameAs"": [ """", ""https:\/\/www.facebook.com\/coldcactusboutique\/"", ""https:\/\/www.pinterest.ca\/coldcactus\/"", ""https:\/\/www.instagram.com\/coldcactusboutique\/"", """", """", """", """" ], ""url"": ""https:\/\/coldcactus.ca"" }",collection-like path; collection-like page text
https://coldcactus.ca/collections/womens-apparel,/collections/womens-apparel,200,Women's Apparel &ndash; Cold Cactus Inc.,Collection: Women's Apparel,https://coldcactus.ca/collections/womens-apparel,"{ ""@context"": ""http://schema.org"", ""@type"": ""Organization"", ""name"": ""Cold Cactus Inc."", ""logo"": ""https:\/\/coldcactus.ca\/cdn\/shop\/files\/cclogoupdated_400x.webp?v=1716305005"", ""sameAs"": [ """", ""https:\/\/www.facebook.com\/coldcactusboutique\/"", ""https:\/\/www.pinterest.ca\/coldcactus\/"", ""https:\/\/www.instagram.com\/coldcactusboutique\/"", """", """", """", """" ], ""url"": ""https:\/\/coldcactus.ca"" }",collection-like path; collection-like page text
https://coldcactus.ca/collections/wrangler,/collections/wrangler,200,Wrangler &ndash; Cold Cactus Inc.,Wrangler,https://coldcactus.ca/collections/wrangler,"{ ""@context"": ""http://schema.org"", ""@type"": ""Organization"", ""name"": ""Cold Cactus Inc."", ""logo"": ""https:\/\/coldcactus.ca\/cdn\/shop\/files\/cclogoupdated_400x.webp?v=1716305005"", ""sameAs"": [ """", ""https:\/\/www.facebook.com\/coldcactusboutique\/"", ""https:\/\/www.pinterest.ca\/coldcactus\/"", ""https:\/\/www.instagram.com\/coldcactusboutique\/"", """", """", """", """" ], ""url"": ""https:\/\/coldcactus.ca"" }",collection-like path; collection-like page text
https://coldcactus.ca/collections/wrangler-denim,/collections/wrangler-denim,200,Wrangler Denim &ndash; Cold Cactus Inc.,Wrangler Denim,https://coldcactus.ca/collections/wrangler-denim,"{ ""@context"": ""http://schema.org"", ""@type"": ""Organization"", ""name"": ""Cold Cactus Inc."", ""logo"": ""https:\/\/coldcactus.ca\/cdn\/shop\/files\/cclogoupdated_400x.webp?v=1716305005"", ""sameAs"": [ """", ""https:\/\/www.facebook.com\/coldcactusboutique\/"", ""https:\/\/www.pinterest.ca\/coldcactus\/"", ""https:\/\/www.instagram.com\/coldcactusboutique\/"", """", """", """", """" ], ""url"": ""https:\/\/coldcactus.ca"" }",collection-like path; collection-like page text
https://coldcactus.ca/collections/wrangler-x-lainey-wilson-1,/collections/wrangler-x-lainey-wilson-1,200,Wrangler X Lainey Wilson &ndash; Cold Cactus Inc.,Wrangler X Lainey Wilson,https://coldcactus.ca/collections/wrangler-x-lainey-wilson-1,"{ ""@context"": ""http://schema.org"", ""@type"": ""Organization"", ""name"": ""Cold Cactus Inc."", ""logo"": ""https:\/\/coldcactus.ca\/cdn\/shop\/files\/cclogoupdated_400x.webp?v=1716305005"", ""sameAs"": [ """", ""https:\/\/www.facebook.com\/coldcactusboutique\/"", ""https:\/\/www.pinterest.ca\/coldcactus\/"", ""https:\/\/www.instagram.com\/coldcactusboutique\/"", """", """", """", """" ], ""url"": ""https:\/\/coldcactus.ca"" }",collection-like path; collection-like page text
https://coldcactus.ca/,/,200,Cold Cactus - Western Wear & Goods &ndash; Cold Cactus Inc.,,https://coldcactus.ca/,"{ ""@context"": ""http://schema.org"", ""@type"": ""Organization"", ""name"": ""Cold Cactus Inc."", ""logo"": ""https:\/\/coldcactus.ca\/cdn\/shop\/files\/cclogoupdated_400x.webp?v=1716305005"", ""sameAs"": [ """", ""https:\/\/www.facebook.com\/coldcactusboutique\/"", ""https:\/\/www.pinterest.ca\/coldcactus\/"", ""https:\/\/www.instagram.com\/coldcactusboutique\/"", """", """", """", """" ], ""url"": ""https:\/\/coldcactus.ca"" } > { ""@context"": ""http://schema.org"", ""@type"": ""WebSite"", ""name"": ""Cold Cactus Inc."", ""potentialAction"": { ""@type"": ""SearchAction"", ""target"": ""https:\/\/coldcactus.ca\/search?q={search_term_string}"", ""query-input"": ""required name=search_term_string"" }, ""url"": ""https:\/\/coldcactus.ca"" }",collection-like page text
https://coldcactus.ca/collections,/collections,200,Collections &ndash; Cold Cactus Inc.,Collections,https://coldcactus.ca/collections,"{ ""@context"": ""http://schema.org"", ""@type"": ""Organization"", ""name"": ""Cold Cactus Inc."", ""logo"": ""https:\/\/coldcactus.ca\/cdn\/shop\/files\/cclogoupdated_400x.webp?v=1716305005"", ""sameAs"": [ """", ""https:\/\/www.facebook.com\/coldcactusboutique\/"", ""https:\/\/www.pinterest.ca\/coldcactus\/"", ""https:\/\/www.instagram.com\/coldcactusboutique\/"", """", """", """", """" ], ""url"": ""https:\/\/coldcactus.ca"" }",collection-like page text
https://coldcactus.ca/collections/ariat-footwear,/collections/ariat-footwear,429,,,,,collection-like path
https://coldcactus.ca/collections/ariat-slippers,/collections/ariat-slippers,429,,,,,collection-like path
https://coldcactus.ca/collections/bath,/collections/bath,429,,,,,collection-like path
https://coldcactus.ca/collections/cowbows,/collections/cowbows,429,,,,,collection-like path
https://coldcactus.ca/collections/cowgirl-tuff-winter,/collections/cowgirl-tuff-winter,429,,,,,collection-like path
https://coldcactus.ca/collections/cropped-denim,/collections/cropped-denim,429,,,,,collection-like path
https://coldcactus.ca/collections/footwear,/collections/footwear,429,,,,,collection-like path
https://coldcactus.ca/collections/gift-cards,/collections/gift-cards,429,,,,,collection-like path
https://coldcactus.ca/collections/gift-ideas-for-cowhide-lovers,/collections/gift-ideas-for-cowhide-lovers,429,,,,,collection-like path
https://coldcactus.ca/collections/gift-ideas-for-kids,/collections/gift-ideas-for-kids,429,,,,,collection-like path
https://coldcactus.ca/collections/gift-ideas-for-the-jewelry-lover,/collections/gift-ideas-for-the-jewelry-lover,429,,,,,collection-like path
https://coldcactus.ca/collections/hyer-men-and-womens,/collections/hyer-men-and-womens,429,,,,,collection-like path
https://coldcactus.ca/collections/kitchen,/collections/kitchen,429,,,,,collection-like path
https://coldcactus.ca/collections/liberty-black,/collections/liberty-black,429,,,,,collection-like path
https://coldcactus.ca/collections/madison-creek,/collections/madison-creek,429,,,,,collection-like path
https://coldcactus.ca/collections/pillows-bedding,/collections/pillows-bedding,429,,,,,collection-like path
https://coldcactus.ca/collections/pink-friday-150-footwear,/collections/pink-friday-150-footwear,429,,,,,collection-like path
https://coldcactus.ca/collections/pink-friday-75-denim,/collections/pink-friday-75-denim,429,,,,,collection-like path
https://coldcactus.ca/collections/rugs,/collections/rugs,429,,,,,collection-like path
https://coldcactus.ca/collections/sale-accessories,/collections/sale-accessories,429,,,,,collection-like path
https://coldcactus.ca/collections/sale-denim,/collections/sale-denim,429,,,,,collection-like path
https://coldcactus.ca/collections/sale-dresses,/collections/sale-dresses,429,,,,,collection-like path
https://coldcactus.ca/collections/sale-footwear,/collections/sale-footwear,429,,,,,collection-like path
https://coldcactus.ca/collections/sale-mens-shirts,/collections/sale-mens-shirts,429,,,,,collection-like path
https://coldcactus.ca/collections/sale-outerwear,/collections/sale-outerwear,429,,,,,collection-like path
https://coldcactus.ca/collections/sale-womens-tops,/collections/sale-womens-tops,429,,,,,collection-like path
https://coldcactus.ca/collections/stiefeld-mule-shoe,/collections/stiefeld-mule-shoe,429,,,,,collection-like path
https://coldcactus.ca/collections/tasha-polizzi,/collections/tasha-polizzi,429,,,,,collection-like path
https://coldcactus.ca/collections/wall-art-decor,/collections/wall-art-decor,429,,,,,collection-like path
